<vfs complete="true">
    <!-- Dokumentation:
       liga.name = Name der Liga in vfs (zum Auffinden der jew. Liga)
       ligaklasse.name = Wert der Liga (LITLIG.LIG_KLASSE) in vfs (zur Auffinden der jew. Ligaklasse)
       complete true = Alle Daten (unabhängig vom Datum des Spiels berücksichtigen)
                false = Nur Spiele bis einschl. heute berücksichtigen (Systemdatum wird verwendet)
       ===================       
       Mit den folgenden 3 Werten wird der Inhalt in der Rang-Exceldatei erzeugt:
       klasse = Inhalt der Spalte "Klasse"
       liganame = Inhalt der Spalte "Liganame"
       ligameister = Inhalt der Spalte "Liga-Meister"
    -->
    <liga name="Löwen">
        <ligaklasse>
            <name>BZ</name>
            <klasse>Bezirksliga ${team.plainGruppenNr} Löwen</klasse>
            <liganame>Löwen-Bezirksliga ${team.plainGruppenNr}</liganame>
            <ligameister>Bezirksliga-Meister</ligameister>
        </ligaklasse>
        <ligaklasse>
            <name>A</name>
            <klasse>A${team.plainGruppenNr}</klasse>
            <liganame>${team.plainLigaName}</liganame>
            <ligameister>A Liga-Meister</ligameister>
        </ligaklasse>
        <ligaklasse>
            <name>B</name>
            <klasse>B${team.plainGruppenNr}</klasse>
            <liganame>${team.plainLigaName}</liganame>
            <ligameister>B Liga-Meister</ligameister>
        </ligaklasse>
        <ligaklasse>
            <name>C</name>
            <klasse>C${team.plainGruppenNr}</klasse>
            <liganame>${team.plainLigaName}</liganame>
            <ligameister>C Liga-Meister</ligameister>
        </ligaklasse>
    </liga>
    <liga name="Rheinland-Westerwald">
        <ligaklasse>
            <name>BZO</name>
            <klasse>Bezirkoberliga Rheinland-Westerwald</klasse>
            <liganame>Bezirkoberliga Rheinland-Westerwald</liganame>
            <ligameister>Bezirkoberliga-Meister</ligameister>
        </ligaklasse>
        <ligaklasse>
            <name>BZ</name>
            <klasse>Bezirksliga ${team.plainGruppenNr} Rheinland-Westerwald</klasse>
            <liganame>Rheinland-Westerwald-Bezirksliga ${team.plainGruppenNr}</liganame>
            <ligameister>Bezirksliga-Meister</ligameister>
        </ligaklasse>
        <ligaklasse>
            <name>A</name>
            <klasse>A${team.plainGruppenNr}</klasse>
            <liganame>${team.plainLigaName}</liganame>
            <ligameister>A Liga-Meister</ligameister>
        </ligaklasse>
        <ligaklasse>
            <name>B</name>
            <klasse>B${team.plainGruppenNr}</klasse>
            <liganame>${team.plainLigaName}</liganame>
            <ligameister>B Liga-Meister</ligameister>
        </ligaklasse>
        <ligaklasse>
            <name>C</name>
            <klasse>C${team.plainGruppenNr}</klasse>
            <liganame>${team.plainLigaName}</liganame>
            <ligameister>C Liga-Meister</ligameister>
        </ligaklasse>
    </liga>
    <liga name="Ruhrpott">
        <ligaklasse>
            <name>BZ</name>
            <klasse>Bezirksliga ${team.plainGruppenNr} Rohrpott</klasse>
            <liganame>Ruhrpott-Bezirksliga ${team.plainGruppenNr}</liganame>
            <ligameister>Bezirksliga-Meister</ligameister>
        </ligaklasse>
        <ligaklasse>
            <name>A</name>
            <klasse>A${team.plainGruppenNr}</klasse>
            <liganame>${team.plainLigaName}</liganame>
            <ligameister>A Liga-Meister</ligameister>
        </ligaklasse>
        <ligaklasse>
            <name>B</name>
            <klasse>B${team.plainGruppenNr}</klasse>
            <liganame>${team.plainLigaName}</liganame>
            <ligameister>B Liga-Meister</ligameister>
        </ligaklasse>
        <ligaklasse>
            <name>C</name>
            <klasse>C${team.plainGruppenNr}</klasse>
            <liganame>${team.plainLigaName}</liganame>
            <ligameister>C Liga-Meister</ligameister>
        </ligaklasse>
    </liga>
    <liga name="Siegerland">
        <ligaklasse>
            <name>BZ</name>
            <klasse>Bezirksliga ${team.plainGruppenNr} Siegerland</klasse>
            <liganame>Siegerland-Bezirksliga ${team.plainGruppenNr}</liganame>
            <ligameister>Bezirksliga-Meister</ligameister>
        </ligaklasse>
        <ligaklasse>
            <name>A</name>
            <klasse>A${team.plainGruppenNr}</klasse>
            <liganame>${team.plainLigaName}</liganame>
            <ligameister>A Liga-Meister</ligameister>
        </ligaklasse>
        <ligaklasse>
            <name>B</name>
            <klasse>B${team.plainGruppenNr}</klasse>
            <liganame>${team.plainLigaName}</liganame>
            <ligameister>B Liga-Meister</ligameister>
        </ligaklasse>
        <ligaklasse>
            <name>C</name>
            <klasse>C${team.plainGruppenNr}</klasse>
            <liganame>${team.plainLigaName}</liganame>
            <ligameister>C Liga-Meister</ligameister>
        </ligaklasse>
    </liga>
    <liga name="Kgl">
        <ligaklasse>
            <name>BZ</name>
            <klasse>Bezirksliga ${team.plainGruppenNr} Kgl</klasse>
            <liganame>Kgl-Bezirksliga ${team.plainGruppenNr}</liganame>
            <ligameister>Bezirksliga-Meister</ligameister>
        </ligaklasse>
        <ligaklasse>
            <name>A</name>
            <klasse>A${team.plainGruppenNr}</klasse>
            <liganame>${team.plainLigaName}</liganame>
            <ligameister>A Liga-Meister</ligameister>
        </ligaklasse>
        <ligaklasse>
            <name>B</name>
            <klasse>B${team.plainGruppenNr}</klasse>
            <liganame>${team.plainLigaName}</liganame>
            <ligameister>B Liga-Meister</ligameister>
        </ligaklasse>
        <ligaklasse>
            <name>C</name>
            <klasse>C${team.plainGruppenNr}</klasse>
            <liganame>${team.plainLigaName}</liganame>
            <ligameister>C Liga-Meister</ligameister>
        </ligaklasse>
    </liga>
    <liga name="Benden-Düsseldorf">
        <ligaklasse>
            <name>BZ</name>
            <klasse>Bezirksliga ${team.plainGruppenNr} Benden</klasse>
            <liganame>Benden-Bezirksliga ${team.plainGruppenNr}</liganame>
            <ligameister>Bezirksliga-Meister</ligameister>
        </ligaklasse>
        <ligaklasse>
            <name>A</name>
            <klasse>A${team.plainGruppenNr}</klasse>
            <liganame>${team.plainLigaName}</liganame>
            <ligameister>A Liga-Meister</ligameister>
        </ligaklasse>
        <ligaklasse>
            <name>B</name>
            <klasse>B${team.plainGruppenNr}</klasse>
            <liganame>${team.plainLigaName}</liganame>
            <ligameister>B Liga-Meister</ligameister>
        </ligaklasse>
        <ligaklasse>
            <name>C</name>
            <klasse>C${team.plainGruppenNr}</klasse>
            <liganame>${team.plainLigaName}</liganame>
            <ligameister>C Liga-Meister</ligameister>
        </ligaklasse>
    </liga>
    <liga name="Eifel">
        <ligaklasse>
            <name>BZ</name>
            <klasse>Bezirksliga ${team.plainGruppenNr} Eifel</klasse>
            <liganame>Eifel-Bezirksliga ${team.plainGruppenNr}</liganame>
            <ligameister>Bezirksliga-Meister</ligameister>
        </ligaklasse>
        <ligaklasse>
            <name>A</name>
            <klasse>A${team.plainGruppenNr}</klasse>
            <liganame>${team.plainLigaName}</liganame>
            <ligameister>A Liga-Meister</ligameister>
        </ligaklasse>
        <ligaklasse>
            <name>B</name>
            <klasse>B${team.plainGruppenNr}</klasse>
            <liganame>${team.plainLigaName}</liganame>
            <ligameister>B Liga-Meister</ligameister>
        </ligaklasse>
        <ligaklasse>
            <name>C</name>
            <klasse>C${team.plainGruppenNr}</klasse>
            <liganame>${team.plainLigaName}</liganame>
            <ligameister>C Liga-Meister</ligameister>
        </ligaklasse>
    </liga>
</vfs>