<?xml version='1.0' encoding='utf-8'?>
<!DOCTYPE hibernate-configuration PUBLIC
    "-//Hibernate/Hibernate Configuration DTD//EN"
    "http://hibernate.sourceforge.net/hibernate-configuration-3.0.dtd">

<hibernate-configuration>

    <session-factory>     
        <property name="hibernate.connection.driver_class">org.postgresql.Driver</property>
        <property name="hibernate.connection.url">jdbc:postgresql://localhost:5432/liga</property>
        <property name="hibernate.connection.username">postgres</property>
        <property name="hibernate.connection.password">anfang</property>        
        <property name="dialect">org.hibernate.dialect.PostgreSQLDialect</property>

        <property name="connection.pool_size">1</property>
        <!-- Enable Hibernate's automatic session context management -->
        <property name="current_session_context_class">thread</property>
        
        <!-- Second-level caching -->
        <!--<property name="cache.provider_class">org.hibernate.cache.NoCacheProvider</property>-->
        <property name="cache.provider_class">org.hibernate.cache.EhCacheProvider</property>
        <property name="cache.provider_configuration_file_resource_path">ehcache.xml</property>
        <property name="cache.use_second_level_cache">true</property>
        <property name="cache.use_query_cache">true</property>

        <!--<property name="show_sql">true</property>-->
        <!--<property name="format_sql">true</property>-->
        <!--<property name="format_sql">true</property>-->

        <mapping resource="de/liga/dart/model/Automatenaufsteller.hbm.xml"/>
        <mapping resource="de/liga/dart/model/Liga.hbm.xml"/>
        <mapping resource="de/liga/dart/model/Ligagruppe.hbm.xml"/>
        <mapping resource="de/liga/dart/model/Ligaklasse.hbm.xml"/>
        <mapping resource="de/liga/dart/model/Ligateam.hbm.xml"/>
        <mapping resource="de/liga/dart/model/Ligateamspiel.hbm.xml"/>
        <mapping resource="de/liga/dart/model/Spielort.hbm.xml"/>
        <mapping resource="de/liga/dart/model/LigateamWunsch.hbm.xml"/>

    </session-factory>

</hibernate-configuration>