<?xml version="1.0" encoding="UTF-8"?>
<!DOCTYPE hibernate-reverse-engineering
        SYSTEM "http://hibernate.sourceforge.net/hibernate-reverse-engineering-3.0.dtd" >

<hibernate-reverse-engineering>

    <type-mapping>
        <sql-type jdbc-type="TIMESTAMP" hibernate-type="java.sql.Timestamp"/>
        <sql-type jdbc-type="TIME" hibernate-type="java.sql.Time"/>
        <sql-type jdbc-type="DATE" hibernate-type="java.sql.Date"/>
    </type-mapping>

    <table name="liga">
        <primary-key>
            <generator class="sequence">
                <param name="sequence">liga_ligaid_seq</param>
            </generator>
            <key-column name="ligaid"/>
        </primary-key>
    </table>
</hibernate-reverse-engineering>