<?xml version='1.0' encoding='utf-8'?>
<!DOCTYPE hibernate-configuration PUBLIC
    "-//Hibernate/Hibernate Configuration DTD//EN"
    "http://hibernate.sourceforge.net/hibernate-configuration-3.0.dtd">

<hibernate-configuration>

    <session-factory
        name="java:hibernate/SessionFactory">
        <!--<property name="hibernate.connection.driver_class">com.mysql.jdbc.Driver</property>
        <property name="hibernate.connection.url">jdbc:mysql://localhost/liga</property>
        <property name="hibernate.connection.username">root</property>
        <property name="hibernate.connection.password"></property>        
        <property name="dialect">org.hibernate.dialect.MySQLDialect</property>
        -->
        
        <property name="hibernate.connection.driver_class">org.postgresql.Driver</property>
        <property name="hibernate.connection.url">jdbc:postgresql://localhost:5432/liga</property>
        <property name="hibernate.connection.username">postgres</property>
        <property name="hibernate.connection.password">anfang</property>        
        <property name="dialect">org.hibernate.dialect.PostgreSQLDialect</property>

        
        <property name="show_sql">true</property>
        
    </session-factory>

</hibernate-configuration>